id,expression,answer_3sf,difficulty,topics
E001,12+8,20,Easy,arithmetic
E002,15-9,6,Easy,arithmetic
E003,7*8,56,Easy,arithmetic
E004,72/9,8,Easy,arithmetic
E005,125+237,362,Easy,arithmetic
E006,500-168,332,Easy,arithmetic
E007,15*13,195,Easy,arithmetic
E008,144/12,12,Easy,arithmetic
E009,23*17,391,Easy,arithmetic
E010,256/16,16,Easy,arithmetic
E011,120*0.15,18,Easy,percentage
E012,250*0.08,20,Easy,percentage
E013,0.25*400,100,Easy,percentage
E014,0.35*80,28,Easy,percentage
E015,0.12*150,18,Easy,percentage
E016,15%*360,54,Easy,percentage
E017,8%*1250,100,Easy,percentage
E018,22%*500,110,Easy,percentage
E019,0.05*240,12,Easy,percentage
E020,0.45*60,27,Easy,percentage
E021,300*0.18,54,Easy,percentage
E022,0.68*50,34,Easy,percentage
E023,75%*200,150,Easy,percentage
E024,6%*1500,90,Easy,percentage
E025,0.55*40,22,Easy,percentage
E026,3/8*64,24,Easy,fraction
E027,5/4*20,25,Easy,fraction
E028,7/5*50,70,Easy,fraction
E029,3/4*200,150,Easy,fraction
E030,0.375*16,6,Easy,fraction
E031,5/6+0.25,1.08,Easy,fraction
E032,3/8+0.125,0.5,Easy,fraction
E033,7/12*100,58.3,Medium,fraction
E034,2/3*45,30,Easy,fraction
E035,5/8*32,20,Easy,fraction
E036,0.625*80,50,Easy,fraction
E037,7/10*1000,700,Easy,fraction
E038,3/5*75,45,Easy,fraction
E039,11/4*8,22,Easy,fraction
E040,9/2*14,63,Easy,fraction
E041,5^2,25,Easy,exponent
E042,3^4,81,Easy,exponent
E043,2^8,256,Easy,exponent
E044,4^3,64,Easy,exponent
E045,2^10,1024,Easy,exponent
E046,6^2,36,Easy,exponent
E047,7^2,49,Easy,exponent
E048,9^2,81,Easy,exponent
E049,11^2,121,Easy,exponent
E050,12^2,144,Easy,exponent
E051,3.2^2,10.2,Medium,exponent
E052,2.5^3,15.6,Medium,exponent
E053,1.5^4,5.06,Medium,exponent
E054,0.8^2,0.64,Easy,exponent
E055,1.2^3,1.73,Medium,exponent
E056,sqrt(144),12,Easy,root
E057,sqrt(81),9,Easy,root
E058,sqrt(169),13,Easy,root
E059,sqrt(196),14,Easy,root
E060,sqrt(225),15,Easy,root
E061,sqrt(256),16,Easy,root
E062,sqrt(289),17,Easy,root
E063,sqrt(324),18,Easy,root
E064,sqrt(400),20,Easy,root
E065,sqrt(441),21,Easy,root
E066,sqrt(2),1.41,Medium,root
E067,sqrt(3),1.73,Medium,root
E068,sqrt(5),2.24,Medium,root
E069,sqrt(7),2.65,Medium,root
E070,sqrt(8),2.83,Medium,root
E071,sqrt(12),3.46,Medium,root
E072,sqrt(18),4.24,Medium,root
E073,sqrt(20),4.47,Medium,root
E074,sqrt(24),4.9,Medium,root
E075,sqrt(32),5.66,Medium,root
E076,sqrt(40),6.32,Medium,root
E077,sqrt(45),6.71,Medium,root
E078,sqrt(50),7.07,Medium,root
E079,sqrt(0.02),0.141,Medium,root
E080,sqrt(0.05),0.224,Medium,root
E081,(8+4)*5,60,Easy,brackets
E082,(12-5)*6,42,Easy,brackets
E083,20/(4+1),4,Easy,brackets
E084,(15+10)/5,5,Easy,brackets
E085,(20+10)*3,90,Easy,brackets
E086,100/(8-3),20,Easy,brackets
E087,(7+5)*(6-2),48,Easy,brackets
E088,(15-3)/4+7,10,Easy,brackets
E089,((2+3)^3)/5,25,Medium,brackets;exponent
E090,((2+3)^2)*4,100,Easy,brackets;exponent
E091,(15+25)/8*2,10,Easy,brackets
E092,(100-20)/4,20,Easy,brackets
E093,((12*3)+8)/11,4,Easy,brackets
E094,(5+3)*2^2,32,Easy,brackets;exponent
E095,((8-2)*5)+12,42,Easy,brackets
E096,3e4*2e2,6000000,Easy,scientific
E097,0.005*3.4e4,170,Medium,scientific
E098,2.5e3*4e2,1000000,Easy,scientific
E099,1.2e5/2e2,600,Easy,scientific
E100,0.2*1000,200,Easy,scientific
E101,5e-3*2000,10,Easy,scientific
E102,3.5e4/7e2,50,Easy,scientific
E103,1.5e6/3e3,500,Easy,scientific
E104,2.4e5*5e3,1200000000,Easy,scientific
E105,8e-3*250,2,Easy,scientific
M001,sin(30),0.5,Medium,trig
M002,cos(60),0.5,Medium,trig
M003,tan(45),1,Medium,trig
M004,sin(60),0.866,Medium,trig
M005,cos(30),0.866,Medium,trig
M006,sin(45)*sqrt(2),1,Medium,trig;root
M007,sin(75),0.966,Hard,trig
M008,cos(75),0.259,Hard,trig
M009,sin(15),0.259,Hard,trig
M010,cos(15),0.966,Hard,trig
M011,tan(30),0.577,Hard,trig
M012,tan(60),1.73,Hard,trig
M013,sin(90),1,Easy,trig
M014,cos(90),0,Easy,trig
M015,sin(0),0,Easy,trig
M016,cos(0),1,Easy,trig
M017,tan(0),0,Easy,trig
M018,sin(45)+cos(45),1.41,Medium,trig
M019,sin(30)*cos(60),0.25,Medium,trig
M020,2*sin(30),1,Easy,trig
M021,log10(1000),3,Medium,log
M022,log10(100),2,Easy,log
M023,log10(10),1,Easy,log
M024,log10(1),0,Easy,log
M025,log10(250),2.4,Medium,log
M026,log10(7),0.845,Hard,log
M027,log10(5),0.699,Medium,log
M028,log10(3),0.477,Medium,log
M029,2*log10(7.5),1.75,Hard,log
M030,3*log10(2),0.903,Hard,log
M031,ln(e^2),2,Medium,log
M032,ln(e^3),3,Medium,log
M033,ln(e),1,Easy,log
M034,ln(1),0,Easy,log
M035,ln(5),1.61,Hard,log
M036,ln(10),2.3,Hard,log
M037,ln(2),0.693,Hard,log
M038,2*ln(e),2,Easy,log
M039,ln(50),3.91,Hard,log
M040,log10(2)+log10(5),1,Medium,log
M041,2*pi,6.28,Medium,pi
M042,3*pi,9.42,Medium,pi
M043,4*pi,12.6,Medium,pi
M044,5*pi,15.7,Medium,pi
M045,pi*3^2,28.3,Medium,pi
M046,pi^2,9.87,Hard,pi
M047,pi/2,1.57,Medium,pi
M048,pi/4,0.785,Medium,pi
M049,2*pi*5,31.4,Medium,pi
M050,pi*10^2,314,Easy,pi
M051,e,2.72,Medium,constant
M052,2*e,5.44,Medium,constant
M053,e^1,2.72,Medium,constant
M054,e^2,7.39,Hard,constant
M055,sqrt(pi),1.77,Hard,constant
M056,sqrt(2)*pi,4.44,Hard,constant
M057,(pi+e)^2,34.3,Hard,constant;pi
M058,pi+sqrt(2),4.56,Hard,constant;root
H001,5nCr2,10,Hard,combination
H002,6nCr2,15,Hard,combination
H003,10nCr2,45,Hard,combination
H004,10nCr3,120,Hard,combination
H005,10nCr4,210,Hard,combination
H006,8nCr3,56,Hard,combination
H007,7nCr2,21,Hard,combination
H008,5nPr2,20,Hard,permutation
H009,6nPr2,30,Hard,permutation
H010,5nPr3,60,Hard,permutation
H011,4nPr2,12,Hard,permutation
H012,10nPr3,720,Hard,permutation
H013,8nPr4,1680,Hard,permutation
H014,6nPr3,120,Hard,permutation
H015,7nPr4,840,Hard,permutation
H016,mean(2,4,6,8),5,Hard,statistics
H017,mean(3,6,9,12,15),9,Hard,statistics
H018,mean(10,20,30,40),25,Hard,statistics
H019,mean(1,2,3,4,5),3,Hard,statistics
H020,mean(5,10,15,20,25,30),17.5,Hard,statistics
H021,abs(3+4i),5,Hard,complex
H022,abs(5+12i),13,Hard,complex
H023,abs(1+i),1.41,Hard,complex
H024,abs(3-4i),5,Hard,complex
H025,abs(8-6i),10,Hard,complex
H026,arcsin(0.5),30,Hard,trig
H027,arccos(0.5),60,Hard,trig
H028,arctan(1),45,Hard,trig
H029,arcsin(1),90,Hard,trig
H030,arccos(0),90,Hard,trig
H031,arctan(0),0,Hard,trig
H032,arcsin(sqrt(3)/2),60,Hard,trig
H033,arccos(sqrt(3)/2),30,Hard,trig
H034,arctan(sqrt(3)),60,Hard,trig
H035,arctan(1/sqrt(3)),30,Hard,trig
H036,bin(13),1101,Hard,number_base
H037,bin(25),11001,Hard,number_base
H038,bin(7),111,Hard,number_base
H039,bin(15),1111,Hard,number_base
H040,bin(31),11111,Hard,number_base
H041,hex(255),FF,Hard,number_base
H042,hex(16),10,Hard,number_base
H043,hex(255),FF,Hard,number_base
H044,dec(1010),10,Hard,number_base
H045,dec(1111),15,Hard,number_base
H046,x^2=4,2,Medium,quadratic
H047,x^2=16,4,Medium,quadratic
H048,x^2=100,10,Medium,quadratic
H049,(x+2)^2=16,2,Hard,quadratic
H050,1000*1.05^3,1158,Hard,compound
H051,5000*1.03^4,5628,Hard,compound
H052,2000*1.08^2,2333,Hard,compound
H053,27^(1/3),3,Easy,root
H054,32^(2/5),4,Medium,exponent
H055,16^(3/4),8,Medium,exponent
H056,25^(1.5),125,Medium,exponent
H057,243^(1/5),3,Medium,root
H058,64^(2/3),16,Medium,exponent